facility_id,facility_name,address,city_town,state,zip_code,county_parish,telephone_number,condition,measure_id,measure_name,score,sample,footnote,start_date,end_date
010779,BULLOCK COUNTY HOSPITAL,102 WEST CONECUH AVENUE,UNION SPRINGS,AL,36089,BULLOCK,(334) 738-2140,Emergency Department,REH_OP_18a,"Average (median) time all patients spent in the emergency department before leaving from the visit, including psychiatric/mental health patients and patients who were transferred to another facility. A lower number of minutes is better",108,148,3,01/01/2024,12/31/2024
010779,BULLOCK COUNTY HOSPITAL,102 WEST CONECUH AVENUE,UNION SPRINGS,AL,36089,BULLOCK,(334) 738-2140,Emergency Department,REH_OP_18b,"Average (median) time patients spent in the emergency department before leaving from the visit, excluding patients transferred to another facility or psychiatric care/mental health patients. A lower number of minutes is better",108,134,3,01/01/2024,12/31/2024
010779,BULLOCK COUNTY HOSPITAL,102 WEST CONECUH AVENUE,UNION SPRINGS,AL,36089,BULLOCK,(334) 738-2140,Emergency Department,REH_OP_18c,Average (median) time psychiatric/mental health patients spent in the emergency department before leaving from the visit. A lower number of minutes is better,Not Available,Not Available,"1, 3",01/01/2024,12/31/2024
010779,BULLOCK COUNTY HOSPITAL,102 WEST CONECUH AVENUE,UNION SPRINGS,AL,36089,BULLOCK,(334) 738-2140,Emergency Department,REH_OP_18d,Average (median) time patients spent in the emergency department before being transferred to another facility. A lower number of minutes is better,Not Available,Not Available,"1, 3",01/01/2024,12/31/2024
010780,EAMC - LANIER,4800 48TH STREET,VALLEY,AL,36854,CHAMBERS,(334) 756-9180,Emergency Department,REH_OP_18a,"Average (median) time all patients spent in the emergency department before leaving from the visit, including psychiatric/mental health patients and patients who were transferred to another facility. A lower number of minutes is better",Not Available,Not Available,5,01/01/2024,12/31/2024
010780,EAMC - LANIER,4800 48TH STREET,VALLEY,AL,36854,CHAMBERS,(334) 756-9180,Emergency Department,REH_OP_18b,"Average (median) time patients spent in the emergency department before leaving from the visit, excluding patients transferred to another facility or psychiatric care/mental health patients. A lower number of minutes is better",Not Available,Not Available,5,01/01/2024,12/31/2024
010780,EAMC - LANIER,4800 48TH STREET,VALLEY,AL,36854,CHAMBERS,(334) 756-9180,Emergency Department,REH_OP_18c,Average (median) time psychiatric/mental health patients spent in the emergency department before leaving from the visit. A lower number of minutes is better,Not Available,Not Available,5,01/01/2024,12/31/2024
010780,EAMC - LANIER,4800 48TH STREET,VALLEY,AL,36854,CHAMBERS,(334) 756-9180,Emergency Department,REH_OP_18d,Average (median) time patients spent in the emergency department before being transferred to another facility. A lower number of minutes is better,Not Available,Not Available,5,01/01/2024,12/31/2024
040779,ST BERNARDS FIVE RIVERS MEDICAL CENTER,2801 MEDICAL CENTER DRIVE,POCAHONTAS,AR,72455,RANDOLPH,(870) 892-6000,Emergency Department,REH_OP_18a,"Average (median) time all patients spent in the emergency department before leaving from the visit, including psychiatric/mental health patients and patients who were transferred to another facility. A lower number of minutes is better",148,384,,01/01/2024,12/31/2024
040779,ST BERNARDS FIVE RIVERS MEDICAL CENTER,2801 MEDICAL CENTER DRIVE,POCAHONTAS,AR,72455,RANDOLPH,(870) 892-6000,Emergency Department,REH_OP_18b,"Average (median) time patients spent in the emergency department before leaving from the visit, excluding patients transferred to another facility or psychiatric care/mental health patients. A lower number of minutes is better",105,220,,01/01/2024,12/31/2024
040779,ST BERNARDS FIVE RIVERS MEDICAL CENTER,2801 MEDICAL CENTER DRIVE,POCAHONTAS,AR,72455,RANDOLPH,(870) 892-6000,Emergency Department,REH_OP_18c,Average (median) time psychiatric/mental health patients spent in the emergency department before leaving from the visit. A lower number of minutes is better,154,11,,01/01/2024,12/31/2024
040779,ST BERNARDS FIVE RIVERS MEDICAL CENTER,2801 MEDICAL CENTER DRIVE,POCAHONTAS,AR,72455,RANDOLPH,(870) 892-6000,Emergency Department,REH_OP_18d,Average (median) time patients spent in the emergency department before being transferred to another facility. A lower number of minutes is better,220,158,,01/01/2024,12/31/2024
040780,EUREKA SPRINGS HOSPITAL COMMISSION,24 NORRIS STREET,EUREKA SPRINGS,AR,72632,CARROLL,(479) 253-7400,Emergency Department,REH_OP_18a,"Average (median) time all patients spent in the emergency department before leaving from the visit, including psychiatric/mental health patients and patients who were transferred to another facility. A lower number of minutes is better",107,269,,01/01/2024,12/31/2024
040780,EUREKA SPRINGS HOSPITAL COMMISSION,24 NORRIS STREET,EUREKA SPRINGS,AR,72632,CARROLL,(479) 253-7400,Emergency Department,REH_OP_18b,"Average (median) time patients spent in the emergency department before leaving from the visit, excluding patients transferred to another facility or psychiatric care/mental health patients. A lower number of minutes is better",103,233,,01/01/2024,12/31/2024
040780,EUREKA SPRINGS HOSPITAL COMMISSION,24 NORRIS STREET,EUREKA SPRINGS,AR,72632,CARROLL,(479) 253-7400,Emergency Department,REH_OP_18c,Average (median) time psychiatric/mental health patients spent in the emergency department before leaving from the visit. A lower number of minutes is better,174,11,,01/01/2024,12/31/2024
040780,EUREKA SPRINGS HOSPITAL COMMISSION,24 NORRIS STREET,EUREKA SPRINGS,AR,72632,CARROLL,(479) 253-7400,Emergency Department,REH_OP_18d,Average (median) time patients spent in the emergency department before being transferred to another facility. A lower number of minutes is better,212,28,,01/01/2024,12/31/2024
040781,HELENA REGIONAL MEDICAL CENTER,1801 MARTIN LUTHER KING JR DRIVE,HELENA,AR,72342,PHILLIPS,(870) 338-5800,Emergency Department,REH_OP_18a,"Average (median) time all patients spent in the emergency department before leaving from the visit, including psychiatric/mental health patients and patients who were transferred to another facility. A lower number of minutes is better",135,391,,01/01/2024,12/31/2024
040781,HELENA REGIONAL MEDICAL CENTER,1801 MARTIN LUTHER KING JR DRIVE,HELENA,AR,72342,PHILLIPS,(870) 338-5800,Emergency Department,REH_OP_18b,"Average (median) time patients spent in the emergency department before leaving from the visit, excluding patients transferred to another facility or psychiatric care/mental health patients. A lower number of minutes is better",117,330,,01/01/2024,12/31/2024
040781,HELENA REGIONAL MEDICAL CENTER,1801 MARTIN LUTHER KING JR DRIVE,HELENA,AR,72342,PHILLIPS,(870) 338-5800,Emergency Department,REH_OP_18c,Average (median) time psychiatric/mental health patients spent in the emergency department before leaving from the visit. A lower number of minutes is better,259,19,,01/01/2024,12/31/2024
040781,HELENA REGIONAL MEDICAL CENTER,1801 MARTIN LUTHER KING JR DRIVE,HELENA,AR,72342,PHILLIPS,(870) 338-5800,Emergency Department,REH_OP_18d,Average (median) time patients spent in the emergency department before being transferred to another facility. A lower number of minutes is better,326,44,,01/01/2024,12/31/2024
040782,SOUTH MISSISSIPPI COUNTY REGIONAL MEDICAL CENTER,611 WEST LEE AVENUE,OSCEOLA,AR,72370,MISSISSIPPI,(870) 563-7000,Emergency Department,REH_OP_18a,"Average (median) time all patients spent in the emergency department before leaving from the visit, including psychiatric/mental health patients and patients who were transferred to another facility. A lower number of minutes is better",104,374,,01/01/2024,12/31/2024
040782,SOUTH MISSISSIPPI COUNTY REGIONAL MEDICAL CENTER,611 WEST LEE AVENUE,OSCEOLA,AR,72370,MISSISSIPPI,(870) 563-7000,Emergency Department,REH_OP_18b,"Average (median) time patients spent in the emergency department before leaving from the visit, excluding patients transferred to another facility or psychiatric care/mental health patients. A lower number of minutes is better",92,320,,01/01/2024,12/31/2024
040782,SOUTH MISSISSIPPI COUNTY REGIONAL MEDICAL CENTER,611 WEST LEE AVENUE,OSCEOLA,AR,72370,MISSISSIPPI,(870) 563-7000,Emergency Department,REH_OP_18c,Average (median) time psychiatric/mental health patients spent in the emergency department before leaving from the visit. A lower number of minutes is better,371,11,,01/01/2024,12/31/2024
040782,SOUTH MISSISSIPPI COUNTY REGIONAL MEDICAL CENTER,611 WEST LEE AVENUE,OSCEOLA,AR,72370,MISSISSIPPI,(870) 563-7000,Emergency Department,REH_OP_18d,Average (median) time patients spent in the emergency department before being transferred to another facility. A lower number of minutes is better,242,46,,01/01/2024,12/31/2024
040783,"DEWITT HOSPITAL & NURSING HOME, INC",1641 WHITEHEAD DRIVE,DE WITT,AR,72042,ARKANSAS,(870) 946-3571,Emergency Department,REH_OP_18a,"Average (median) time all patients spent in the emergency department before leaving from the visit, including psychiatric/mental health patients and patients who were transferred to another facility. A lower number of minutes is better",Not Available,Not Available,5,01/01/2024,12/31/2024
040783,"DEWITT HOSPITAL & NURSING HOME, INC",1641 WHITEHEAD DRIVE,DE WITT,AR,72042,ARKANSAS,(870) 946-3571,Emergency Department,REH_OP_18b,"Average (median) time patients spent in the emergency department before leaving from the visit, excluding patients transferred to another facility or psychiatric care/mental health patients. A lower number of minutes is better",Not Available,Not Available,5,01/01/2024,12/31/2024
040783,"DEWITT HOSPITAL & NURSING HOME, INC",1641 WHITEHEAD DRIVE,DE WITT,AR,72042,ARKANSAS,(870) 946-3571,Emergency Department,REH_OP_18c,Average (median) time psychiatric/mental health patients spent in the emergency department before leaving from the visit. A lower number of minutes is better,Not Available,Not Available,5,01/01/2024,12/31/2024
040783,"DEWITT HOSPITAL & NURSING HOME, INC",1641 WHITEHEAD DRIVE,DE WITT,AR,72042,ARKANSAS,(870) 946-3571,Emergency Department,REH_OP_18d,Average (median) time patients spent in the emergency department before being transferred to another facility. A lower number of minutes is better,Not Available,Not Available,5,01/01/2024,12/31/2024
110779,IRWIN COUNTY HOSPITAL,710 N IRWIN AVENUE,OCILLA,GA,31774,IRWIN,(229) 468-3845,Emergency Department,REH_OP_18a,"Average (median) time all patients spent in the emergency department before leaving from the visit, including psychiatric/mental health patients and patients who were transferred to another facility. A lower number of minutes is better",99,381,,01/01/2024,12/31/2024
110779,IRWIN COUNTY HOSPITAL,710 N IRWIN AVENUE,OCILLA,GA,31774,IRWIN,(229) 468-3845,Emergency Department,REH_OP_18b,"Average (median) time patients spent in the emergency department before leaving from the visit, excluding patients transferred to another facility or psychiatric care/mental health patients. A lower number of minutes is better",96,364,,01/01/2024,12/31/2024
110779,IRWIN COUNTY HOSPITAL,710 N IRWIN AVENUE,OCILLA,GA,31774,IRWIN,(229) 468-3845,Emergency Department,REH_OP_18c,Average (median) time psychiatric/mental health patients spent in the emergency department before leaving from the visit. A lower number of minutes is better,Not Available,Not Available,1,01/01/2024,12/31/2024
110779,IRWIN COUNTY HOSPITAL,710 N IRWIN AVENUE,OCILLA,GA,31774,IRWIN,(229) 468-3845,Emergency Department,REH_OP_18d,Average (median) time patients spent in the emergency department before being transferred to another facility. A lower number of minutes is better,Not Available,Not Available,1,01/01/2024,12/31/2024
110780,BLUE RIDGE MEDICAL CENTER,2855 OLD HIGHWAY 5 NORTH,BLUE RIDGE,GA,30513,FANNIN,(706) 632-3711,Emergency Department,REH_OP_18a,"Average (median) time all patients spent in the emergency department before leaving from the visit, including psychiatric/mental health patients and patients who were transferred to another facility. A lower number of minutes is better",114,107,3,01/01/2024,12/31/2024
110780,BLUE RIDGE MEDICAL CENTER,2855 OLD HIGHWAY 5 NORTH,BLUE RIDGE,GA,30513,FANNIN,(706) 632-3711,Emergency Department,REH_OP_18b,"Average (median) time patients spent in the emergency department before leaving from the visit, excluding patients transferred to another facility or psychiatric care/mental health patients. A lower number of minutes is better",108,96,3,01/01/2024,12/31/2024
110780,BLUE RIDGE MEDICAL CENTER,2855 OLD HIGHWAY 5 NORTH,BLUE RIDGE,GA,30513,FANNIN,(706) 632-3711,Emergency Department,REH_OP_18c,Average (median) time psychiatric/mental health patients spent in the emergency department before leaving from the visit. A lower number of minutes is better,Not Available,Not Available,"1, 3",01/01/2024,12/31/2024
110780,BLUE RIDGE MEDICAL CENTER,2855 OLD HIGHWAY 5 NORTH,BLUE RIDGE,GA,30513,FANNIN,(706) 632-3711,Emergency Department,REH_OP_18d,Average (median) time patients spent in the emergency department before being transferred to another facility. A lower number of minutes is better,Not Available,Not Available,"1, 3",01/01/2024,12/31/2024
110781,TAYLOR REGIONAL HOSPITAL,222 PERRY HWY,HAWKINSVILLE,GA,31036,PULASKI,(478) 783-0200,Emergency Department,REH_OP_18a,"Average (median) time all patients spent in the emergency department before leaving from the visit, including psychiatric/mental health patients and patients who were transferred to another facility. A lower number of minutes is better",201,211,3,01/01/2024,12/31/2024
110781,TAYLOR REGIONAL HOSPITAL,222 PERRY HWY,HAWKINSVILLE,GA,31036,PULASKI,(478) 783-0200,Emergency Department,REH_OP_18b,"Average (median) time patients spent in the emergency department before leaving from the visit, excluding patients transferred to another facility or psychiatric care/mental health patients. A lower number of minutes is better",176,188,3,01/01/2024,12/31/2024
110781,TAYLOR REGIONAL HOSPITAL,222 PERRY HWY,HAWKINSVILLE,GA,31036,PULASKI,(478) 783-0200,Emergency Department,REH_OP_18c,Average (median) time psychiatric/mental health patients spent in the emergency department before leaving from the visit. A lower number of minutes is better,Not Available,Not Available,"1, 3",01/01/2024,12/31/2024
110781,TAYLOR REGIONAL HOSPITAL,222 PERRY HWY,HAWKINSVILLE,GA,31036,PULASKI,(478) 783-0200,Emergency Department,REH_OP_18d,Average (median) time patients spent in the emergency department before being transferred to another facility. A lower number of minutes is better,372,19,3,01/01/2024,12/31/2024
130779,CASCADE MEDICAL CENTER,402 LAKE CASCADE PARKWAY,CASCADE,ID,83611,VALLEY,(208) 382-4242,Emergency Department,REH_OP_18a,"Average (median) time all patients spent in the emergency department before leaving from the visit, including psychiatric/mental health patients and patients who were transferred to another facility. A lower number of minutes is better",Not Available,Not Available,5,01/01/2024,12/31/2024
130779,CASCADE MEDICAL CENTER,402 LAKE CASCADE PARKWAY,CASCADE,ID,83611,VALLEY,(208) 382-4242,Emergency Department,REH_OP_18b,"Average (median) time patients spent in the emergency department before leaving from the visit, excluding patients transferred to another facility or psychiatric care/mental health patients. A lower number of minutes is better",Not Available,Not Available,5,01/01/2024,12/31/2024
130779,CASCADE MEDICAL CENTER,402 LAKE CASCADE PARKWAY,CASCADE,ID,83611,VALLEY,(208) 382-4242,Emergency Department,REH_OP_18c,Average (median) time psychiatric/mental health patients spent in the emergency department before leaving from the visit. A lower number of minutes is better,Not Available,Not Available,5,01/01/2024,12/31/2024
130779,CASCADE MEDICAL CENTER,402 LAKE CASCADE PARKWAY,CASCADE,ID,83611,VALLEY,(208) 382-4242,Emergency Department,REH_OP_18d,Average (median) time patients spent in the emergency department before being transferred to another facility. A lower number of minutes is better,Not Available,Not Available,5,01/01/2024,12/31/2024
170779,SOUTH CENTRAL KANSAS MEDICAL CENTER,6401 PATTERSON PARKWAY,ARKANSAS CITY,KS,67005,COWLEY,(620) 442-2500,Emergency Department,REH_OP_18a,"Average (median) time all patients spent in the emergency department before leaving from the visit, including psychiatric/mental health patients and patients who were transferred to another facility. A lower number of minutes is better",107,282,,01/01/2024,12/31/2024
170779,SOUTH CENTRAL KANSAS MEDICAL CENTER,6401 PATTERSON PARKWAY,ARKANSAS CITY,KS,67005,COWLEY,(620) 442-2500,Emergency Department,REH_OP_18b,"Average (median) time patients spent in the emergency department before leaving from the visit, excluding patients transferred to another facility or psychiatric care/mental health patients. A lower number of minutes is better",100,248,,01/01/2024,12/31/2024
170779,SOUTH CENTRAL KANSAS MEDICAL CENTER,6401 PATTERSON PARKWAY,ARKANSAS CITY,KS,67005,COWLEY,(620) 442-2500,Emergency Department,REH_OP_18c,Average (median) time psychiatric/mental health patients spent in the emergency department before leaving from the visit. A lower number of minutes is better,178,11,,01/01/2024,12/31/2024
170779,SOUTH CENTRAL KANSAS MEDICAL CENTER,6401 PATTERSON PARKWAY,ARKANSAS CITY,KS,67005,COWLEY,(620) 442-2500,Emergency Department,REH_OP_18d,Average (median) time patients spent in the emergency department before being transferred to another facility. A lower number of minutes is better,334,25,,01/01/2024,12/31/2024
170780,"MERCY HOSPITAL, INC",218 E PACK STREET,MOUNDRIDGE,KS,67107,MCPHERSON,(620) 345-6391,Emergency Department,REH_OP_18a,"Average (median) time all patients spent in the emergency department before leaving from the visit, including psychiatric/mental health patients and patients who were transferred to another facility. A lower number of minutes is better",116,310,,01/01/2024,12/31/2024
170780,"MERCY HOSPITAL, INC",218 E PACK STREET,MOUNDRIDGE,KS,67107,MCPHERSON,(620) 345-6391,Emergency Department,REH_OP_18b,"Average (median) time patients spent in the emergency department before leaving from the visit, excluding patients transferred to another facility or psychiatric care/mental health patients. A lower number of minutes is better",107,268,,01/01/2024,12/31/2024
170780,"MERCY HOSPITAL, INC",218 E PACK STREET,MOUNDRIDGE,KS,67107,MCPHERSON,(620) 345-6391,Emergency Department,REH_OP_18c,Average (median) time psychiatric/mental health patients spent in the emergency department before leaving from the visit. A lower number of minutes is better,Not Available,Not Available,1,01/01/2024,12/31/2024
170780,"MERCY HOSPITAL, INC",218 E PACK STREET,MOUNDRIDGE,KS,67107,MCPHERSON,(620) 345-6391,Emergency Department,REH_OP_18d,Average (median) time patients spent in the emergency department before being transferred to another facility. A lower number of minutes is better,219,38,,01/01/2024,12/31/2024
170781,RUSH COUNTY MEMORIAL HOSPITAL,801 LOCUST ST,LA CROSSE,KS,67548,RUSH,(785) 222-2545,Emergency Department,REH_OP_18a,"Average (median) time all patients spent in the emergency department before leaving from the visit, including psychiatric/mental health patients and patients who were transferred to another facility. A lower number of minutes is better",104,126,3,01/01/2024,12/31/2024
170781,RUSH COUNTY MEMORIAL HOSPITAL,801 LOCUST ST,LA CROSSE,KS,67548,RUSH,(785) 222-2545,Emergency Department,REH_OP_18b,"Average (median) time patients spent in the emergency department before leaving from the visit, excluding patients transferred to another facility or psychiatric care/mental health patients. A lower number of minutes is better",88,110,3,01/01/2024,12/31/2024
170781,RUSH COUNTY MEMORIAL HOSPITAL,801 LOCUST ST,LA CROSSE,KS,67548,RUSH,(785) 222-2545,Emergency Department,REH_OP_18c,Average (median) time psychiatric/mental health patients spent in the emergency department before leaving from the visit. A lower number of minutes is better,Not Available,Not Available,"1, 3",01/01/2024,12/31/2024
170781,RUSH COUNTY MEMORIAL HOSPITAL,801 LOCUST ST,LA CROSSE,KS,67548,RUSH,(785) 222-2545,Emergency Department,REH_OP_18d,Average (median) time patients spent in the emergency department before being transferred to another facility. A lower number of minutes is better,Not Available,Not Available,"1, 3",01/01/2024,12/31/2024
180779,CRITTENDEN COMMUNITY HOSPITAL,520 WEST GUM STREET,MARION,KY,42064,CRITTENDEN,(270) 965-5281,Emergency Department,REH_OP_18a,"Average (median) time all patients spent in the emergency department before leaving from the visit, including psychiatric/mental health patients and patients who were transferred to another facility. A lower number of minutes is better",92,65,3,01/01/2024,12/31/2024
180779,CRITTENDEN COMMUNITY HOSPITAL,520 WEST GUM STREET,MARION,KY,42064,CRITTENDEN,(270) 965-5281,Emergency Department,REH_OP_18b,"Average (median) time patients spent in the emergency department before leaving from the visit, excluding patients transferred to another facility or psychiatric care/mental health patients. A lower number of minutes is better",91,60,3,01/01/2024,12/31/2024
180779,CRITTENDEN COMMUNITY HOSPITAL,520 WEST GUM STREET,MARION,KY,42064,CRITTENDEN,(270) 965-5281,Emergency Department,REH_OP_18c,Average (median) time psychiatric/mental health patients spent in the emergency department before leaving from the visit. A lower number of minutes is better,Not Available,Not Available,"1, 3",01/01/2024,12/31/2024
180779,CRITTENDEN COMMUNITY HOSPITAL,520 WEST GUM STREET,MARION,KY,42064,CRITTENDEN,(270) 965-5281,Emergency Department,REH_OP_18d,Average (median) time patients spent in the emergency department before being transferred to another facility. A lower number of minutes is better,Not Available,Not Available,"1, 3",01/01/2024,12/31/2024
190779,ASSUMPTION COMMUNITY HOSPITAL,135 HIGHWAY 402,NAPOLEONVILLE,LA,70390,ASSUMPTION,(985) 369-3600,Emergency Department,REH_OP_18a,"Average (median) time all patients spent in the emergency department before leaving from the visit, including psychiatric/mental health patients and patients who were transferred to another facility. A lower number of minutes is better",85,401,,01/01/2024,12/31/2024
190779,ASSUMPTION COMMUNITY HOSPITAL,135 HIGHWAY 402,NAPOLEONVILLE,LA,70390,ASSUMPTION,(985) 369-3600,Emergency Department,REH_OP_18b,"Average (median) time patients spent in the emergency department before leaving from the visit, excluding patients transferred to another facility or psychiatric care/mental health patients. A lower number of minutes is better",82,383,,01/01/2024,12/31/2024
190779,ASSUMPTION COMMUNITY HOSPITAL,135 HIGHWAY 402,NAPOLEONVILLE,LA,70390,ASSUMPTION,(985) 369-3600,Emergency Department,REH_OP_18c,Average (median) time psychiatric/mental health patients spent in the emergency department before leaving from the visit. A lower number of minutes is better,190,17,,01/01/2024,12/31/2024
190779,ASSUMPTION COMMUNITY HOSPITAL,135 HIGHWAY 402,NAPOLEONVILLE,LA,70390,ASSUMPTION,(985) 369-3600,Emergency Department,REH_OP_18d,Average (median) time patients spent in the emergency department before being transferred to another facility. A lower number of minutes is better,Not Available,Not Available,1,01/01/2024,12/31/2024
230779,STURGIS HOSPITAL,916 MYRTLE AVE,STURGIS,MI,49091,ST. JOSEPH,(269) 651-7824,Emergency Department,REH_OP_18a,"Average (median) time all patients spent in the emergency department before leaving from the visit, including psychiatric/mental health patients and patients who were transferred to another facility. A lower number of minutes is better",104,563,,01/01/2024,12/31/2024
230779,STURGIS HOSPITAL,916 MYRTLE AVE,STURGIS,MI,49091,ST. JOSEPH,(269) 651-7824,Emergency Department,REH_OP_18b,"Average (median) time patients spent in the emergency department before leaving from the visit, excluding patients transferred to another facility or psychiatric care/mental health patients. A lower number of minutes is better",58,236,,01/01/2024,12/31/2024
230779,STURGIS HOSPITAL,916 MYRTLE AVE,STURGIS,MI,49091,ST. JOSEPH,(269) 651-7824,Emergency Department,REH_OP_18c,Average (median) time psychiatric/mental health patients spent in the emergency department before leaving from the visit. A lower number of minutes is better,232,327,,01/01/2024,12/31/2024
230779,STURGIS HOSPITAL,916 MYRTLE AVE,STURGIS,MI,49091,ST. JOSEPH,(269) 651-7824,Emergency Department,REH_OP_18d,Average (median) time patients spent in the emergency department before being transferred to another facility. A lower number of minutes is better,Not Available,Not Available,7,01/01/2024,12/31/2024
240779,MAHNOMEN HEALTH CENTER,414 W JEFFERSON PO BOX 396,MAHNOMEN,MN,56557,MAHNOMEN,(218) 935-2511,Emergency Department,REH_OP_18a,"Average (median) time all patients spent in the emergency department before leaving from the visit, including psychiatric/mental health patients and patients who were transferred to another facility. A lower number of minutes is better",87,249,,01/01/2024,12/31/2024
240779,MAHNOMEN HEALTH CENTER,414 W JEFFERSON PO BOX 396,MAHNOMEN,MN,56557,MAHNOMEN,(218) 935-2511,Emergency Department,REH_OP_18b,"Average (median) time patients spent in the emergency department before leaving from the visit, excluding patients transferred to another facility or psychiatric care/mental health patients. A lower number of minutes is better",58,170,,01/01/2024,12/31/2024
240779,MAHNOMEN HEALTH CENTER,414 W JEFFERSON PO BOX 396,MAHNOMEN,MN,56557,MAHNOMEN,(218) 935-2511,Emergency Department,REH_OP_18c,Average (median) time psychiatric/mental health patients spent in the emergency department before leaving from the visit. A lower number of minutes is better,163,52,,01/01/2024,12/31/2024
240779,MAHNOMEN HEALTH CENTER,414 W JEFFERSON PO BOX 396,MAHNOMEN,MN,56557,MAHNOMEN,(218) 935-2511,Emergency Department,REH_OP_18d,Average (median) time patients spent in the emergency department before being transferred to another facility. A lower number of minutes is better,182,33,,01/01/2024,12/31/2024
250780,JEFFERSON COUNTY HOSPITAL,870 S MAIN,FAYETTE,MS,39069,JEFFERSON,(601) 786-3401,Emergency Department,REH_OP_18a,"Average (median) time all patients spent in the emergency department before leaving from the visit, including psychiatric/mental health patients and patients who were transferred to another facility. A lower number of minutes is better",Not Available,Not Available,5,01/01/2024,12/31/2024
250780,JEFFERSON COUNTY HOSPITAL,870 S MAIN,FAYETTE,MS,39069,JEFFERSON,(601) 786-3401,Emergency Department,REH_OP_18b,"Average (median) time patients spent in the emergency department before leaving from the visit, excluding patients transferred to another facility or psychiatric care/mental health patients. A lower number of minutes is better",Not Available,Not Available,5,01/01/2024,12/31/2024
250780,JEFFERSON COUNTY HOSPITAL,870 S MAIN,FAYETTE,MS,39069,JEFFERSON,(601) 786-3401,Emergency Department,REH_OP_18c,Average (median) time psychiatric/mental health patients spent in the emergency department before leaving from the visit. A lower number of minutes is better,Not Available,Not Available,5,01/01/2024,12/31/2024
250780,JEFFERSON COUNTY HOSPITAL,870 S MAIN,FAYETTE,MS,39069,JEFFERSON,(601) 786-3401,Emergency Department,REH_OP_18d,Average (median) time patients spent in the emergency department before being transferred to another facility. A lower number of minutes is better,Not Available,Not Available,5,01/01/2024,12/31/2024
250781,PANOLA MEDICAL CENTER,303 MEDICAL CENTER DRIVE,BATESVILLE,MS,38606,PANOLA,(662) 563-5611,Emergency Department,REH_OP_18a,"Average (median) time all patients spent in the emergency department before leaving from the visit, including psychiatric/mental health patients and patients who were transferred to another facility. A lower number of minutes is better",Not Available,Not Available,5,01/01/2024,12/31/2024
250781,PANOLA MEDICAL CENTER,303 MEDICAL CENTER DRIVE,BATESVILLE,MS,38606,PANOLA,(662) 563-5611,Emergency Department,REH_OP_18b,"Average (median) time patients spent in the emergency department before leaving from the visit, excluding patients transferred to another facility or psychiatric care/mental health patients. A lower number of minutes is better",Not Available,Not Available,5,01/01/2024,12/31/2024
250781,PANOLA MEDICAL CENTER,303 MEDICAL CENTER DRIVE,BATESVILLE,MS,38606,PANOLA,(662) 563-5611,Emergency Department,REH_OP_18c,Average (median) time psychiatric/mental health patients spent in the emergency department before leaving from the visit. A lower number of minutes is better,Not Available,Not Available,5,01/01/2024,12/31/2024
250781,PANOLA MEDICAL CENTER,303 MEDICAL CENTER DRIVE,BATESVILLE,MS,38606,PANOLA,(662) 563-5611,Emergency Department,REH_OP_18d,Average (median) time patients spent in the emergency department before being transferred to another facility. A lower number of minutes is better,Not Available,Not Available,5,01/01/2024,12/31/2024
250782,GREENE COUNTY HOSPITAL,1017 JACKSON STREET,LEAKESVILLE,MS,39451,GREENE,(601) 394-4135,Emergency Department,REH_OP_18a,"Average (median) time all patients spent in the emergency department before leaving from the visit, including psychiatric/mental health patients and patients who were transferred to another facility. A lower number of minutes is better",Not Available,Not Available,5,01/01/2024,12/31/2024
250782,GREENE COUNTY HOSPITAL,1017 JACKSON STREET,LEAKESVILLE,MS,39451,GREENE,(601) 394-4135,Emergency Department,REH_OP_18b,"Average (median) time patients spent in the emergency department before leaving from the visit, excluding patients transferred to another facility or psychiatric care/mental health patients. A lower number of minutes is better",Not Available,Not Available,5,01/01/2024,12/31/2024
250782,GREENE COUNTY HOSPITAL,1017 JACKSON STREET,LEAKESVILLE,MS,39451,GREENE,(601) 394-4135,Emergency Department,REH_OP_18c,Average (median) time psychiatric/mental health patients spent in the emergency department before leaving from the visit. A lower number of minutes is better,Not Available,Not Available,5,01/01/2024,12/31/2024
250782,GREENE COUNTY HOSPITAL,1017 JACKSON STREET,LEAKESVILLE,MS,39451,GREENE,(601) 394-4135,Emergency Department,REH_OP_18d,Average (median) time patients spent in the emergency department before being transferred to another facility. A lower number of minutes is better,Not Available,Not Available,5,01/01/2024,12/31/2024
250783,PERRY COUNTY GENERAL HOSPITAL,206 BAY ST,RICHTON,MS,39476,GREENE,(601) 788-6316,Emergency Department,REH_OP_18a,"Average (median) time all patients spent in the emergency department before leaving from the visit, including psychiatric/mental health patients and patients who were transferred to another facility. A lower number of minutes is better",82,292,3,01/01/2024,12/31/2024
250783,PERRY COUNTY GENERAL HOSPITAL,206 BAY ST,RICHTON,MS,39476,GREENE,(601) 788-6316,Emergency Department,REH_OP_18b,"Average (median) time patients spent in the emergency department before leaving from the visit, excluding patients transferred to another facility or psychiatric care/mental health patients. A lower number of minutes is better",77,265,3,01/01/2024,12/31/2024
250783,PERRY COUNTY GENERAL HOSPITAL,206 BAY ST,RICHTON,MS,39476,GREENE,(601) 788-6316,Emergency Department,REH_OP_18c,Average (median) time psychiatric/mental health patients spent in the emergency department before leaving from the visit. A lower number of minutes is better,Not Available,Not Available,"1, 3",01/01/2024,12/31/2024
250783,PERRY COUNTY GENERAL HOSPITAL,206 BAY ST,RICHTON,MS,39476,GREENE,(601) 788-6316,Emergency Department,REH_OP_18d,Average (median) time patients spent in the emergency department before being transferred to another facility. A lower number of minutes is better,202,23,3,01/01/2024,12/31/2024
250784,SHARKEY ISSAQUENA COMMUNITY HOSPITAL,47 SOUTH FOURTH ST,ROLLING FORK,MS,39159,SHARKEY,(662) 873-4395,Emergency Department,REH_OP_18a,"Average (median) time all patients spent in the emergency department before leaving from the visit, including psychiatric/mental health patients and patients who were transferred to another facility. A lower number of minutes is better",Not Available,Not Available,5,01/01/2024,12/31/2024
250784,SHARKEY ISSAQUENA COMMUNITY HOSPITAL,47 SOUTH FOURTH ST,ROLLING FORK,MS,39159,SHARKEY,(662) 873-4395,Emergency Department,REH_OP_18b,"Average (median) time patients spent in the emergency department before leaving from the visit, excluding patients transferred to another facility or psychiatric care/mental health patients. A lower number of minutes is better",Not Available,Not Available,5,01/01/2024,12/31/2024
250784,SHARKEY ISSAQUENA COMMUNITY HOSPITAL,47 SOUTH FOURTH ST,ROLLING FORK,MS,39159,SHARKEY,(662) 873-4395,Emergency Department,REH_OP_18c,Average (median) time psychiatric/mental health patients spent in the emergency department before leaving from the visit. A lower number of minutes is better,Not Available,Not Available,5,01/01/2024,12/31/2024
250784,SHARKEY ISSAQUENA COMMUNITY HOSPITAL,47 SOUTH FOURTH ST,ROLLING FORK,MS,39159,SHARKEY,(662) 873-4395,Emergency Department,REH_OP_18d,Average (median) time patients spent in the emergency department before being transferred to another facility. A lower number of minutes is better,Not Available,Not Available,5,01/01/2024,12/31/2024
250785,PROGRESSIVE HEALTH GROUP OF HOUSTON,1002 EAST MADISON STREET,HOUSTON,MS,38851,CHICKASAW,(662) 456-3700,Emergency Department,REH_OP_18a,"Average (median) time all patients spent in the emergency department before leaving from the visit, including psychiatric/mental health patients and patients who were transferred to another facility. A lower number of minutes is better",Not Available,Not Available,5,01/01/2024,12/31/2024
250785,PROGRESSIVE HEALTH GROUP OF HOUSTON,1002 EAST MADISON STREET,HOUSTON,MS,38851,CHICKASAW,(662) 456-3700,Emergency Department,REH_OP_18b,"Average (median) time patients spent in the emergency department before leaving from the visit, excluding patients transferred to another facility or psychiatric care/mental health patients. A lower number of minutes is better",Not Available,Not Available,5,01/01/2024,12/31/2024
250785,PROGRESSIVE HEALTH GROUP OF HOUSTON,1002 EAST MADISON STREET,HOUSTON,MS,38851,CHICKASAW,(662) 456-3700,Emergency Department,REH_OP_18c,Average (median) time psychiatric/mental health patients spent in the emergency department before leaving from the visit. A lower number of minutes is better,Not Available,Not Available,5,01/01/2024,12/31/2024
250785,PROGRESSIVE HEALTH GROUP OF HOUSTON,1002 EAST MADISON STREET,HOUSTON,MS,38851,CHICKASAW,(662) 456-3700,Emergency Department,REH_OP_18d,Average (median) time patients spent in the emergency department before being transferred to another facility. A lower number of minutes is better,Not Available,Not Available,5,01/01/2024,12/31/2024
260779,PARKLAND HEALTH CENTER - BONNE TERRE,7245 RAIDER ROAD,BONNE TERRE,MO,63628,ST. FRANCOIS,(573) 358-1400,Emergency Department,REH_OP_18a,"Average (median) time all patients spent in the emergency department before leaving from the visit, including psychiatric/mental health patients and patients who were transferred to another facility. A lower number of minutes is better",130,304,3,01/01/2024,12/31/2024
260779,PARKLAND HEALTH CENTER - BONNE TERRE,7245 RAIDER ROAD,BONNE TERRE,MO,63628,ST. FRANCOIS,(573) 358-1400,Emergency Department,REH_OP_18b,"Average (median) time patients spent in the emergency department before leaving from the visit, excluding patients transferred to another facility or psychiatric care/mental health patients. A lower number of minutes is better",120,276,3,01/01/2024,12/31/2024
260779,PARKLAND HEALTH CENTER - BONNE TERRE,7245 RAIDER ROAD,BONNE TERRE,MO,63628,ST. FRANCOIS,(573) 358-1400,Emergency Department,REH_OP_18c,Average (median) time psychiatric/mental health patients spent in the emergency department before leaving from the visit. A lower number of minutes is better,Not Available,Not Available,"1, 3",01/01/2024,12/31/2024
260779,PARKLAND HEALTH CENTER - BONNE TERRE,7245 RAIDER ROAD,BONNE TERRE,MO,63628,ST. FRANCOIS,(573) 358-1400,Emergency Department,REH_OP_18d,Average (median) time patients spent in the emergency department before being transferred to another facility. A lower number of minutes is better,366,20,3,01/01/2024,12/31/2024
280779,FRIEND COMMUNITY HEALTHCARE SYSTEM,905 SECOND STREET,FRIEND,NE,68359,SALINE,(402) 947-2541,Emergency Department,REH_OP_18a,"Average (median) time all patients spent in the emergency department before leaving from the visit, including psychiatric/mental health patients and patients who were transferred to another facility. A lower number of minutes is better",110,186,3,01/01/2024,12/31/2024
280779,FRIEND COMMUNITY HEALTHCARE SYSTEM,905 SECOND STREET,FRIEND,NE,68359,SALINE,(402) 947-2541,Emergency Department,REH_OP_18b,"Average (median) time patients spent in the emergency department before leaving from the visit, excluding patients transferred to another facility or psychiatric care/mental health patients. A lower number of minutes is better",98,165,3,01/01/2024,12/31/2024
280779,FRIEND COMMUNITY HEALTHCARE SYSTEM,905 SECOND STREET,FRIEND,NE,68359,SALINE,(402) 947-2541,Emergency Department,REH_OP_18c,Average (median) time psychiatric/mental health patients spent in the emergency department before leaving from the visit. A lower number of minutes is better,Not Available,Not Available,"1, 3",01/01/2024,12/31/2024
280779,FRIEND COMMUNITY HEALTHCARE SYSTEM,905 SECOND STREET,FRIEND,NE,68359,SALINE,(402) 947-2541,Emergency Department,REH_OP_18d,Average (median) time patients spent in the emergency department before being transferred to another facility. A lower number of minutes is better,250,18,3,01/01/2024,12/31/2024
320779,GUADALUPE COUNTY HOSPITAL,"117 CAMINO DE VIDA, SUITE 100",SANTA ROSA,NM,88435,GUADALUPE,(575) 472-3417,Emergency Department,REH_OP_18a,"Average (median) time all patients spent in the emergency department before leaving from the visit, including psychiatric/mental health patients and patients who were transferred to another facility. A lower number of minutes is better",126,223,3,01/01/2024,12/31/2024
320779,GUADALUPE COUNTY HOSPITAL,"117 CAMINO DE VIDA, SUITE 100",SANTA ROSA,NM,88435,GUADALUPE,(575) 472-3417,Emergency Department,REH_OP_18b,"Average (median) time patients spent in the emergency department before leaving from the visit, excluding patients transferred to another facility or psychiatric care/mental health patients. A lower number of minutes is better",126,219,3,01/01/2024,12/31/2024
320779,GUADALUPE COUNTY HOSPITAL,"117 CAMINO DE VIDA, SUITE 100",SANTA ROSA,NM,88435,GUADALUPE,(575) 472-3417,Emergency Department,REH_OP_18c,Average (median) time psychiatric/mental health patients spent in the emergency department before leaving from the visit. A lower number of minutes is better,Not Available,Not Available,"1, 3",01/01/2024,12/31/2024
320779,GUADALUPE COUNTY HOSPITAL,"117 CAMINO DE VIDA, SUITE 100",SANTA ROSA,NM,88435,GUADALUPE,(575) 472-3417,Emergency Department,REH_OP_18d,Average (median) time patients spent in the emergency department before being transferred to another facility. A lower number of minutes is better,Not Available,Not Available,"3, 7",01/01/2024,12/31/2024
330799,CLIFTON-FINE HOSPITAL,1014 OSWEGATCHIE TRAIL,STAR LAKE,NY,13690,ST. LAWRENCE,(315) 848-4205,Emergency Department,REH_OP_18a,"Average (median) time all patients spent in the emergency department before leaving from the visit, including psychiatric/mental health patients and patients who were transferred to another facility. A lower number of minutes is better",Not Available,Not Available,5,01/01/2024,12/31/2024
330799,CLIFTON-FINE HOSPITAL,1014 OSWEGATCHIE TRAIL,STAR LAKE,NY,13690,ST. LAWRENCE,(315) 848-4205,Emergency Department,REH_OP_18b,"Average (median) time patients spent in the emergency department before leaving from the visit, excluding patients transferred to another facility or psychiatric care/mental health patients. A lower number of minutes is better",Not Available,Not Available,5,01/01/2024,12/31/2024
330799,CLIFTON-FINE HOSPITAL,1014 OSWEGATCHIE TRAIL,STAR LAKE,NY,13690,ST. LAWRENCE,(315) 848-4205,Emergency Department,REH_OP_18c,Average (median) time psychiatric/mental health patients spent in the emergency department before leaving from the visit. A lower number of minutes is better,Not Available,Not Available,5,01/01/2024,12/31/2024
330799,CLIFTON-FINE HOSPITAL,1014 OSWEGATCHIE TRAIL,STAR LAKE,NY,13690,ST. LAWRENCE,(315) 848-4205,Emergency Department,REH_OP_18d,Average (median) time patients spent in the emergency department before being transferred to another facility. A lower number of minutes is better,Not Available,Not Available,5,01/01/2024,12/31/2024
370779,STILLWATER MEDICAL - PERRY,501 N 14TH ST,PERRY,OK,73077,NOBLE,(580) 336-3541,Emergency Department,REH_OP_18a,"Average (median) time all patients spent in the emergency department before leaving from the visit, including psychiatric/mental health patients and patients who were transferred to another facility. A lower number of minutes is better",112,273,,01/01/2024,12/31/2024
370779,STILLWATER MEDICAL - PERRY,501 N 14TH ST,PERRY,OK,73077,NOBLE,(580) 336-3541,Emergency Department,REH_OP_18b,"Average (median) time patients spent in the emergency department before leaving from the visit, excluding patients transferred to another facility or psychiatric care/mental health patients. A lower number of minutes is better",102,243,,01/01/2024,12/31/2024
370779,STILLWATER MEDICAL - PERRY,501 N 14TH ST,PERRY,OK,73077,NOBLE,(580) 336-3541,Emergency Department,REH_OP_18c,Average (median) time psychiatric/mental health patients spent in the emergency department before leaving from the visit. A lower number of minutes is better,Not Available,Not Available,1,01/01/2024,12/31/2024
370779,STILLWATER MEDICAL - PERRY,501 N 14TH ST,PERRY,OK,73077,NOBLE,(580) 336-3541,Emergency Department,REH_OP_18d,Average (median) time patients spent in the emergency department before being transferred to another facility. A lower number of minutes is better,289,22,,01/01/2024,12/31/2024
370780,STILLWATER MEDICAL-BLACKWELL,710 S 13TH STREET,BLACKWELL,OK,74631,KAY,(580) 363-2311,Emergency Department,REH_OP_18a,"Average (median) time all patients spent in the emergency department before leaving from the visit, including psychiatric/mental health patients and patients who were transferred to another facility. A lower number of minutes is better",103,501,,01/01/2024,12/31/2024
370780,STILLWATER MEDICAL-BLACKWELL,710 S 13TH STREET,BLACKWELL,OK,74631,KAY,(580) 363-2311,Emergency Department,REH_OP_18b,"Average (median) time patients spent in the emergency department before leaving from the visit, excluding patients transferred to another facility or psychiatric care/mental health patients. A lower number of minutes is better",99,460,,01/01/2024,12/31/2024
370780,STILLWATER MEDICAL-BLACKWELL,710 S 13TH STREET,BLACKWELL,OK,74631,KAY,(580) 363-2311,Emergency Department,REH_OP_18c,Average (median) time psychiatric/mental health patients spent in the emergency department before leaving from the visit. A lower number of minutes is better,Not Available,Not Available,1,01/01/2024,12/31/2024
370780,STILLWATER MEDICAL-BLACKWELL,710 S 13TH STREET,BLACKWELL,OK,74631,KAY,(580) 363-2311,Emergency Department,REH_OP_18d,Average (median) time patients spent in the emergency department before being transferred to another facility. A lower number of minutes is better,220,35,,01/01/2024,12/31/2024
370781,HARPER COUNTY COMMUNITY HOSPITAL,1003 US HIGHWAY 64 NORTH,BUFFALO,OK,73834,HARPER,(580) 735-2555,Emergency Department,REH_OP_18a,"Average (median) time all patients spent in the emergency department before leaving from the visit, including psychiatric/mental health patients and patients who were transferred to another facility. A lower number of minutes is better",57,189,3,01/01/2024,12/31/2024
370781,HARPER COUNTY COMMUNITY HOSPITAL,1003 US HIGHWAY 64 NORTH,BUFFALO,OK,73834,HARPER,(580) 735-2555,Emergency Department,REH_OP_18b,"Average (median) time patients spent in the emergency department before leaving from the visit, excluding patients transferred to another facility or psychiatric care/mental health patients. A lower number of minutes is better",56,186,3,01/01/2024,12/31/2024
370781,HARPER COUNTY COMMUNITY HOSPITAL,1003 US HIGHWAY 64 NORTH,BUFFALO,OK,73834,HARPER,(580) 735-2555,Emergency Department,REH_OP_18c,Average (median) time psychiatric/mental health patients spent in the emergency department before leaving from the visit. A lower number of minutes is better,Not Available,Not Available,"1, 3",01/01/2024,12/31/2024
370781,HARPER COUNTY COMMUNITY HOSPITAL,1003 US HIGHWAY 64 NORTH,BUFFALO,OK,73834,HARPER,(580) 735-2555,Emergency Department,REH_OP_18d,Average (median) time patients spent in the emergency department before being transferred to another facility. A lower number of minutes is better,Not Available,Not Available,"3, 7",01/01/2024,12/31/2024
370783,ELKVIEW GENERAL HOSPITAL,429 WEST ELM STREET,HOBART,OK,73651,KIOWA,(580) 726-3324,Emergency Department,REH_OP_18a,"Average (median) time all patients spent in the emergency department before leaving from the visit, including psychiatric/mental health patients and patients who were transferred to another facility. A lower number of minutes is better",100,95,3,01/01/2024,12/31/2024
370783,ELKVIEW GENERAL HOSPITAL,429 WEST ELM STREET,HOBART,OK,73651,KIOWA,(580) 726-3324,Emergency Department,REH_OP_18b,"Average (median) time patients spent in the emergency department before leaving from the visit, excluding patients transferred to another facility or psychiatric care/mental health patients. A lower number of minutes is better",96,88,3,01/01/2024,12/31/2024
370783,ELKVIEW GENERAL HOSPITAL,429 WEST ELM STREET,HOBART,OK,73651,KIOWA,(580) 726-3324,Emergency Department,REH_OP_18c,Average (median) time psychiatric/mental health patients spent in the emergency department before leaving from the visit. A lower number of minutes is better,Not Available,Not Available,"1, 3",01/01/2024,12/31/2024
370783,ELKVIEW GENERAL HOSPITAL,429 WEST ELM STREET,HOBART,OK,73651,KIOWA,(580) 726-3324,Emergency Department,REH_OP_18d,Average (median) time patients spent in the emergency department before being transferred to another facility. A lower number of minutes is better,Not Available,Not Available,"1, 3",01/01/2024,12/31/2024
440779,TRISTAR ASHLAND CITY MEDICAL CENTER,313 NORTH MAIN ST,ASHLAND CITY,TN,37015,CHEATHAM,(615) 792-3030,Emergency Department,REH_OP_18a,"Average (median) time all patients spent in the emergency department before leaving from the visit, including psychiatric/mental health patients and patients who were transferred to another facility. A lower number of minutes is better",86,396,,01/01/2024,12/31/2024
440779,TRISTAR ASHLAND CITY MEDICAL CENTER,313 NORTH MAIN ST,ASHLAND CITY,TN,37015,CHEATHAM,(615) 792-3030,Emergency Department,REH_OP_18b,"Average (median) time patients spent in the emergency department before leaving from the visit, excluding patients transferred to another facility or psychiatric care/mental health patients. A lower number of minutes is better",78,342,,01/01/2024,12/31/2024
440779,TRISTAR ASHLAND CITY MEDICAL CENTER,313 NORTH MAIN ST,ASHLAND CITY,TN,37015,CHEATHAM,(615) 792-3030,Emergency Department,REH_OP_18c,Average (median) time psychiatric/mental health patients spent in the emergency department before leaving from the visit. A lower number of minutes is better,150,13,,01/01/2024,12/31/2024
440779,TRISTAR ASHLAND CITY MEDICAL CENTER,313 NORTH MAIN ST,ASHLAND CITY,TN,37015,CHEATHAM,(615) 792-3030,Emergency Department,REH_OP_18d,Average (median) time patients spent in the emergency department before being transferred to another facility. A lower number of minutes is better,205,41,,01/01/2024,12/31/2024
440780,WAYNE MEDICAL CENTER,103 J V MANGUBAT DR,WAYNESBORO,TN,38485,WAYNE,(931) 722-5411,Emergency Department,REH_OP_18a,"Average (median) time all patients spent in the emergency department before leaving from the visit, including psychiatric/mental health patients and patients who were transferred to another facility. A lower number of minutes is better",Not Available,Not Available,5,01/01/2024,12/31/2024
440780,WAYNE MEDICAL CENTER,103 J V MANGUBAT DR,WAYNESBORO,TN,38485,WAYNE,(931) 722-5411,Emergency Department,REH_OP_18b,"Average (median) time patients spent in the emergency department before leaving from the visit, excluding patients transferred to another facility or psychiatric care/mental health patients. A lower number of minutes is better",Not Available,Not Available,5,01/01/2024,12/31/2024
440780,WAYNE MEDICAL CENTER,103 J V MANGUBAT DR,WAYNESBORO,TN,38485,WAYNE,(931) 722-5411,Emergency Department,REH_OP_18c,Average (median) time psychiatric/mental health patients spent in the emergency department before leaving from the visit. A lower number of minutes is better,Not Available,Not Available,5,01/01/2024,12/31/2024
440780,WAYNE MEDICAL CENTER,103 J V MANGUBAT DR,WAYNESBORO,TN,38485,WAYNE,(931) 722-5411,Emergency Department,REH_OP_18d,Average (median) time patients spent in the emergency department before being transferred to another facility. A lower number of minutes is better,Not Available,Not Available,5,01/01/2024,12/31/2024
670779,CROSBYTON CLINIC HOSPITAL,710 WEST MAIN STREET,CROSBYTON,TX,79322,CROSBY,(806) 675-2382,Emergency Department,REH_OP_18a,"Average (median) time all patients spent in the emergency department before leaving from the visit, including psychiatric/mental health patients and patients who were transferred to another facility. A lower number of minutes is better",Not Available,Not Available,5,01/01/2024,12/31/2024
670779,CROSBYTON CLINIC HOSPITAL,710 WEST MAIN STREET,CROSBYTON,TX,79322,CROSBY,(806) 675-2382,Emergency Department,REH_OP_18b,"Average (median) time patients spent in the emergency department before leaving from the visit, excluding patients transferred to another facility or psychiatric care/mental health patients. A lower number of minutes is better",Not Available,Not Available,5,01/01/2024,12/31/2024
670779,CROSBYTON CLINIC HOSPITAL,710 WEST MAIN STREET,CROSBYTON,TX,79322,CROSBY,(806) 675-2382,Emergency Department,REH_OP_18c,Average (median) time psychiatric/mental health patients spent in the emergency department before leaving from the visit. A lower number of minutes is better,Not Available,Not Available,5,01/01/2024,12/31/2024
670779,CROSBYTON CLINIC HOSPITAL,710 WEST MAIN STREET,CROSBYTON,TX,79322,CROSBY,(806) 675-2382,Emergency Department,REH_OP_18d,Average (median) time patients spent in the emergency department before being transferred to another facility. A lower number of minutes is better,Not Available,Not Available,5,01/01/2024,12/31/2024
670780,FALLS COMMUNITY HOSPITAL AND CLINIC,322 COLEMAN STREET,MARLIN,TX,76661,FALLS,(254) 803-3561,Emergency Department,REH_OP_18a,"Average (median) time all patients spent in the emergency department before leaving from the visit, including psychiatric/mental health patients and patients who were transferred to another facility. A lower number of minutes is better",Not Available,Not Available,5,01/01/2024,12/31/2024
670780,FALLS COMMUNITY HOSPITAL AND CLINIC,322 COLEMAN STREET,MARLIN,TX,76661,FALLS,(254) 803-3561,Emergency Department,REH_OP_18b,"Average (median) time patients spent in the emergency department before leaving from the visit, excluding patients transferred to another facility or psychiatric care/mental health patients. A lower number of minutes is better",Not Available,Not Available,5,01/01/2024,12/31/2024
670780,FALLS COMMUNITY HOSPITAL AND CLINIC,322 COLEMAN STREET,MARLIN,TX,76661,FALLS,(254) 803-3561,Emergency Department,REH_OP_18c,Average (median) time psychiatric/mental health patients spent in the emergency department before leaving from the visit. A lower number of minutes is better,Not Available,Not Available,5,01/01/2024,12/31/2024
670780,FALLS COMMUNITY HOSPITAL AND CLINIC,322 COLEMAN STREET,MARLIN,TX,76661,FALLS,(254) 803-3561,Emergency Department,REH_OP_18d,Average (median) time patients spent in the emergency department before being transferred to another facility. A lower number of minutes is better,Not Available,Not Available,5,01/01/2024,12/31/2024
670781,ANSON GENERAL HOSPITAL,101 AVENUE J,ANSON,TX,79501,JONES,(325) 823-3231,Emergency Department,REH_OP_18a,"Average (median) time all patients spent in the emergency department before leaving from the visit, including psychiatric/mental health patients and patients who were transferred to another facility. A lower number of minutes is better",73,365,,01/01/2024,12/31/2024
670781,ANSON GENERAL HOSPITAL,101 AVENUE J,ANSON,TX,79501,JONES,(325) 823-3231,Emergency Department,REH_OP_18b,"Average (median) time patients spent in the emergency department before leaving from the visit, excluding patients transferred to another facility or psychiatric care/mental health patients. A lower number of minutes is better",67,357,,01/01/2024,12/31/2024
670781,ANSON GENERAL HOSPITAL,101 AVENUE J,ANSON,TX,79501,JONES,(325) 823-3231,Emergency Department,REH_OP_18c,Average (median) time psychiatric/mental health patients spent in the emergency department before leaving from the visit. A lower number of minutes is better,Not Available,Not Available,1,01/01/2024,12/31/2024
670781,ANSON GENERAL HOSPITAL,101 AVENUE J,ANSON,TX,79501,JONES,(325) 823-3231,Emergency Department,REH_OP_18d,Average (median) time patients spent in the emergency department before being transferred to another facility. A lower number of minutes is better,Not Available,Not Available,1,01/01/2024,12/31/2024
670783,CHI ST LUKES HEALTH MEMORIAL SAN AUGUSTINE,511 HOSPITAL ST,SAN AUGUSTINE,TX,75972,SAN AUGUSTINE,(936) 275-3446,Emergency Department,REH_OP_18a,"Average (median) time all patients spent in the emergency department before leaving from the visit, including psychiatric/mental health patients and patients who were transferred to another facility. A lower number of minutes is better",Not Available,Not Available,5,01/01/2024,12/31/2024
670783,CHI ST LUKES HEALTH MEMORIAL SAN AUGUSTINE,511 HOSPITAL ST,SAN AUGUSTINE,TX,75972,SAN AUGUSTINE,(936) 275-3446,Emergency Department,REH_OP_18b,"Average (median) time patients spent in the emergency department before leaving from the visit, excluding patients transferred to another facility or psychiatric care/mental health patients. A lower number of minutes is better",Not Available,Not Available,5,01/01/2024,12/31/2024
670783,CHI ST LUKES HEALTH MEMORIAL SAN AUGUSTINE,511 HOSPITAL ST,SAN AUGUSTINE,TX,75972,SAN AUGUSTINE,(936) 275-3446,Emergency Department,REH_OP_18c,Average (median) time psychiatric/mental health patients spent in the emergency department before leaving from the visit. A lower number of minutes is better,Not Available,Not Available,5,01/01/2024,12/31/2024
670783,CHI ST LUKES HEALTH MEMORIAL SAN AUGUSTINE,511 HOSPITAL ST,SAN AUGUSTINE,TX,75972,SAN AUGUSTINE,(936) 275-3446,Emergency Department,REH_OP_18d,Average (median) time patients spent in the emergency department before being transferred to another facility. A lower number of minutes is better,Not Available,Not Available,5,01/01/2024,12/31/2024
